Timestamp,GPSYear,GPSMonth,GPSday,GPSHour,GPSMinute,GPSSecond,GPSHundredth,voltage,GPSFix,numSats,HDOP,Latitude,Longitude,GPSSpeed,GPSCourse
1969-12-31T19:00:05.644000,644,2023,3,28,16,38,36,85,4.166250228881836,False,0,0,0,0
1969-12-31T19:00:05.652000,652,2023,3,28,16,38,36,85,4.166250228881836,False,0,0,0,0
1969-12-31T19:00:05.660000,660,2023,3,28,16,38,36,85,4.166250228881836,False,0,0,0,0
1969-12-31T19:00:05.668000,668,2023,3,28,16,38,36,85,4.166250228881836,False,0,0,0,0
1969-12-31T19:00:05.676000,676,2023,3,28,16,38,36,85,4.166250228881836,False,0,0,0,0
1969-12-31T19:00:05.684000,684,2023,3,28,16,38,36,85,4.166250228881836,False,0,0,0,0
1969-12-31T19:00:05.692000,692,2023,3,28,16,38,36,85,4.166250228881836,False,0,0,0,0
1969-12-31T19:00:05.700000,700,2023,3,28,16,38,36,85,4.166250228881836,False,0,0,0,0
1969-12-31T19:00:05.708000,708,2023,3,28,16,38,36,85,4.166250228881836,False,0,0,0,0
1969-12-31T19:00:05.717000,717,2023,3,28,16,38,36,85,4.166250228881836,False,0,0,0,0
1969-12-31T19:00:05.725000,725,2023,3,28,16,38,36,85,4.166250228881836,False,0,0,0,0
1969-12-31T19:00:05.733000,733,2023,3,28,16,38,36,85,4.166250228881836,False,0,0,0,0
1969-12-31T19:00:05.741000,741,2023,3,28,16,38,36,85,4.166250228881836,False,0,0,0,0
1969-12-31T19:00:05.750000,750,2023,3,28,16,38,36,85,4.166250228881836,False,0,0,0,0
1969-12-31T19:00:05.758000,758,2023,3,28,16,38,36,85,4.166250228881836,False,0,0,0,0
1969-12-31T19:00:05.766000,766,2023,3,28,16,38,36,85,4.166250228881836,False,0,0,0,0
1969-12-31T19:00:05.774000,774,2023,3,28,16,38,36,85,4.166250228881836,False,0,0,0,0
1969-12-31T19:00:05.782000,782,2023,3,28,16,38,36,85,4.166250228881836,False,0,0,0,0
1969-12-31T19:00:05.790000,790,2023,3,28,16,38,36,85,4.166250228881836,False,0,0,0,0
1969-12-31T19:00:05.798000,798,2023,3,28,16,38,36,85,4.166250228881836,False,0,0,0,0
1969-12-31T19:00:05.806000,806,2023,3,28,16,38,36,85,4.166250228881836,False,0,0,0,0
1969-12-31T19:00:05.814000,814,2023,3,28,16,38,36,85,4.166250228881836,False,0,0,0,0
1969-12-31T19:00:05.822000,822,2023,3,28,16,38,36,85,4.166250228881836,False,0,0,0,0
1969-12-31T19:00:05.830000,830,2023,3,28,16,38,36,85,4.166250228881836,False,0,0,0,0
1969-12-31T19:00:05.839000,839,2023,3,28,16,38,36,85,4.166250228881836,False,0,0,0,0
1969-12-31T19:00:05.861000,861,2023,3,28,16,38,36,85,4.166250228881836,False,0,0,0,0
1969-12-31T19:00:05.869000,869,2023,3,28,16,38,36,85,4.166250228881836,False,0,0,0,0
1969-12-31T19:00:05.878000,878,2023,3,28,16,38,36,85,4.164999961853027,False,0,0,0,0
1969-12-31T19:00:05.886000,886,2023,3,28,16,38,36,85,4.164999961853027,False,0,0,0,0
1969-12-31T19:00:05.894000,894,2023,3,28,16,38,36,85,4.164999961853027,False,0,0,0,0
1969-12-31T19:00:05.902000,902,2023,3,28,16,38,36,85,4.164999961853027,False,0,0,0,0
1969-12-31T19:00:05.910000,910,2023,3,28,16,38,36,85,4.164999961853027,False,0,0,0,0
1969-12-31T19:00:05.918000,918,2023,3,28,16,38,36,85,4.164999961853027,False,0,0,0,0
1969-12-31T19:00:05.926000,926,2023,3,28,16,38,36,85,4.164999961853027,False,0,0,0,0
1969-12-31T19:00:05.934000,934,2023,3,28,16,38,36,85,4.164999961853027,False,0,0,0,0
1969-12-31T19:00:05.943000,943,2023,3,28,16,38,36,85,4.164999961853027,False,0,0,0,0
1969-12-31T19:00:05.951000,951,2023,3,28,16,38,36,85,4.164999961853027,False,0,0,0,0
1969-12-31T19:00:05.959000,959,2023,3,28,16,38,36,85,4.164999961853027,False,0,0,0,0
1969-12-31T19:00:05.967000,967,2023,3,28,16,38,36,85,4.164999961853027,False,0,0,0,0
1969-12-31T19:00:05.975000,975,2023,3,28,16,38,36,85,4.164999961853027,False,0,0,0,0
1969-12-31T19:00:05.983000,983,2023,3,28,16,38,36,85,4.164999961853027,False,0,0,0,0
1969-12-31T19:00:05.991000,991,2023,3,28,16,38,36,85,4.164999961853027,False,0,0,0,0
1969-12-31T19:00:06,0,2023,3,28,16,38,36,85,4.164999961853027,False,0,0,0,0
1969-12-31T19:00:06.008000,8,2023,3,28,16,38,36,85,4.164999961853027,False,0,0,0,0
1969-12-31T19:00:06.017000,17,2023,3,28,16,38,36,85,4.164999961853027,False,0,0,0,0
1969-12-31T19:00:06.025000,25,2023,3,28,16,38,36,85,4.164999961853027,False,0,0,0,0
1969-12-31T19:00:06.033000,33,2023,3,28,16,38,36,85,4.164999961853027,False,0,0,0,0
1969-12-31T19:00:06.041000,41,2023,3,28,16,38,36,85,4.164999961853027,False,0,0,0,0
1969-12-31T19:00:06.049000,49,2023,3,28,16,38,36,85,4.164999961853027,False,0,0,0,0
1969-12-31T19:00:06.057000,57,2023,3,28,16,38,36,85,4.164999961853027,False,0,0,0,0
1969-12-31T19:00:06.077000,77,2023,3,28,16,38,36,85,4.164999961853027,False,0,0,0,0
1969-12-31T19:00:06.085000,85,2023,3,28,16,38,36,85,4.164999961853027,False,0,0,0,0
1969-12-31T19:00:06.093000,93,2023,3,28,16,38,36,85,4.164999961853027,False,0,0,0,0
1969-12-31T19:00:06.101000,101,2023,3,28,16,38,36,85,4.164999961853027,False,0,0,0,0
1969-12-31T19:00:06.109000,109,2023,3,28,16,38,36,85,4.164999961853027,False,0,0,0,0
1969-12-31T19:00:06.117000,117,2023,3,28,16,38,36,85,4.164999961853027,False,0,0,0,0
1969-12-31T19:00:06.126000,126,2023,3,28,16,38,36,85,4.164999961853027,False,0,0,0,0
1969-12-31T19:00:06.134000,134,2023,3,28,16,38,36,85,4.164999961853027,False,0,0,0,0
1969-12-31T19:00:06.142000,142,2023,3,28,16,38,36,85,4.164999961853027,False,0,0,0,0
1969-12-31T19:00:06.150000,150,2023,3,28,16,38,36,85,4.164999961853027,False,0,0,0,0
1969-12-31T19:00:06.159000,159,2023,3,28,16,38,36,85,4.164999961853027,False,0,0,0,0
1969-12-31T19:00:06.167000,167,2023,3,28,16,38,36,85,4.164999961853027,False,0,0,0,0
1969-12-31T19:00:06.175000,175,2023,3,28,16,38,36,85,4.164999961853027,False,0,0,0,0
1969-12-31T19:00:06.183000,183,2023,3,28,16,38,36,85,4.164999961853027,False,0,0,0,0
1969-12-31T19:00:06.191000,191,2023,3,28,16,38,36,85,4.164999961853027,False,0,0,0,0
1969-12-31T19:00:06.199000,199,2023,3,28,16,38,36,85,4.164999961853027,False,0,0,0,0
1969-12-31T19:00:06.207000,207,2023,3,28,16,38,36,85,4.164999961853027,False,0,0,0,0
1969-12-31T19:00:06.215000,215,2023,3,28,16,38,36,85,4.164999961853027,False,0,0,0,0
1969-12-31T19:00:06.223000,223,2023,3,28,16,38,36,85,4.164999961853027,False,0,0,0,0
1969-12-31T19:00:06.231000,231,2023,3,28,16,38,36,85,4.164999961853027,False,0,0,0,0
1969-12-31T19:00:06.239000,239,2023,3,28,16,38,36,85,4.164999961853027,False,0,0,0,0
1969-12-31T19:00:06.248000,248,2023,3,28,16,38,36,85,4.164999961853027,False,0,0,0,0
1969-12-31T19:00:06.256000,256,2023,3,28,16,38,36,85,4.164999961853027,False,0,0,0,0
1969-12-31T19:00:06.264000,264,2023,3,28,16,38,36,85,4.164999961853027,False,0,0,0,0
1969-12-31T19:00:06.272000,272,2023,3,28,16,38,36,85,4.164999961853027,False,0,0,0,0
1969-12-31T19:00:06.291000,291,2023,3,28,16,38,36,85,4.164999961853027,False,0,0,0,0
1969-12-31T19:00:06.299000,299,2023,3,28,16,38,36,85,4.164999961853027,False,0,0,0,0
1969-12-31T19:00:06.307000,307,2023,3,28,16,38,36,85,4.164999961853027,False,0,0,0,0
1969-12-31T19:00:06.315000,315,2023,3,28,16,38,36,85,4.164999961853027,False,0,0,0,0
1969-12-31T19:00:06.323000,323,2023,3,28,16,38,36,85,4.164999961853027,False,0,0,0,0
1969-12-31T19:00:06.332000,332,2023,3,28,16,38,36,85,4.164999961853027,False,0,0,0,0
1969-12-31T19:00:06.340000,340,2023,3,28,16,38,36,85,4.164999961853027,False,0,0,0,0
1969-12-31T19:00:06.348000,348,2023,3,28,16,38,36,85,4.164999961853027,False,0,0,0,0
1969-12-31T19:00:06.356000,356,2023,3,28,16,38,36,85,4.164999961853027,False,0,0,0,0
1969-12-31T19:00:06.364000,364,2023,3,28,16,38,36,85,4.164999961853027,False,0,0,0,0
1969-12-31T19:00:06.372000,372,2023,3,28,16,38,36,85,4.164999961853027,False,0,0,0,0
1969-12-31T19:00:06.381000,381,2023,3,28,16,38,36,85,4.166250228881836,False,0,0,0,0
1969-12-31T19:00:06.389000,389,2023,3,28,16,38,36,85,4.166250228881836,False,0,0,0,0
1969-12-31T19:00:06.403000,403,2023,3,28,16,38,36,85,4.166250228881836,False,0,0,0,0
1969-12-31T19:00:06.411000,411,2023,3,28,16,38,36,85,4.166250228881836,False,0,0,0,0
1969-12-31T19:00:06.419000,419,2023,3,28,16,38,36,85,4.166250228881836,False,0,0,0,0
1969-12-31T19:00:06.427000,427,2023,3,28,16,38,36,85,4.166250228881836,False,0,0,0,0
1969-12-31T19:00:06.435000,435,2023,3,28,16,38,36,85,4.166250228881836,False,0,0,0,0
1969-12-31T19:00:06.443000,443,2023,3,28,16,38,36,85,4.166250228881836,False,0,0,0,0
1969-12-31T19:00:06.452000,452,2023,3,28,16,38,36,85,4.166250228881836,False,0,0,0,0
1969-12-31T19:00:06.460000,460,2023,3,28,16,38,36,85,4.166250228881836,False,0,0,0,0
1969-12-31T19:00:06.468000,468,2023,3,28,16,38,36,85,4.166250228881836,False,0,0,0,0
1969-12-31T19:00:06.476000,476,2023,3,28,16,38,36,85,4.166250228881836,False,0,0,0,0
1969-12-31T19:00:06.484000,484,2023,3,28,16,38,36,85,4.166250228881836,False,0,0,0,0
1969-12-31T19:00:06.492000,492,2023,3,28,16,38,36,85,4.166250228881836,False,0,0,0,0
1969-12-31T19:00:06.513000,513,2023,3,28,16,38,36,85,4.166250228881836,False,0,0,0,0
1969-12-31T19:00:06.521000,521,2023,3,28,16,38,36,85,4.166250228881836,False,0,0,0,0
1969-12-31T19:00:06.529000,529,2023,3,28,16,38,36,85,4.166250228881836,False,0,0,0,0
1969-12-31T19:00:06.537000,537,2023,3,28,16,38,36,85,4.166250228881836,False,0,0,0,0
1969-12-31T19:00:06.545000,545,2023,3,28,16,38,36,85,4.166250228881836,False,0,0,0,0
1969-12-31T19:00:06.554000,554,2023,3,28,16,38,36,85,4.166250228881836,False,0,0,0,0
1969-12-31T19:00:06.562000,562,2023,3,28,16,38,36,85,4.166250228881836,False,0,0,0,0
1969-12-31T19:00:06.570000,570,2023,3,28,16,38,36,85,4.166250228881836,False,0,0,0,0
1969-12-31T19:00:06.578000,578,2023,3,28,16,38,36,85,4.166250228881836,False,0,0,0,0
1969-12-31T19:00:06.586000,586,2023,3,28,16,38,36,85,4.166250228881836,False,0,0,0,0
1969-12-31T19:00:06.594000,594,2023,3,28,16,38,36,85,4.166250228881836,False,0,0,0,0
1969-12-31T19:00:06.602000,602,2023,3,28,16,38,36,85,4.166250228881836,False,0,0,0,0
1969-12-31T19:00:06.610000,610,2023,3,28,16,38,36,85,4.166250228881836,False,0,0,0,0
1969-12-31T19:00:06.619000,619,2023,3,28,16,38,36,85,4.166250228881836,False,0,0,0,0
1969-12-31T19:00:06.627000,627,2023,3,28,16,38,36,85,4.166250228881836,False,0,0,0,0
1969-12-31T19:00:06.635000,635,2023,3,28,16,38,36,85,4.167500019073486,False,0,0,0,0
1969-12-31T19:00:06.643000,643,2023,3,28,16,38,36,85,4.167500019073486,False,0,0,0,0
1969-12-31T19:00:06.651000,651,2023,3,28,16,38,36,85,4.167500019073486,False,0,0,0,0
1969-12-31T19:00:06.660000,660,2023,3,28,16,38,36,85,4.167500019073486,False,0,0,0,0
1969-12-31T19:00:06.668000,668,2023,3,28,16,38,36,85,4.167500019073486,False,0,0,0,0
1969-12-31T19:00:06.676000,676,2023,3,28,16,38,36,85,4.167500019073486,False,0,0,0,0
1969-12-31T19:00:06.684000,684,2023,3,28,16,38,36,85,4.167500019073486,False,0,0,0,0
1969-12-31T19:00:06.692000,692,2023,3,28,16,38,36,85,4.167500019073486,False,0,0,0,0
1969-12-31T19:00:06.700000,700,2023,3,28,16,38,36,85,4.167500019073486,False,0,0,0,0
1969-12-31T19:00:06.708000,708,2023,3,28,16,38,36,85,4.167500019073486,False,0,0,0,0
1969-12-31T19:00:06.727000,727,2023,3,28,16,38,36,85,4.167500019073486,False,0,0,0,0
1969-12-31T19:00:06.735000,735,2023,3,28,16,38,36,85,4.167500019073486,False,0,0,0,0
1969-12-31T19:00:06.743000,743,2023,3,28,16,38,36,85,4.167500019073486,False,0,0,0,0
1969-12-31T19:00:06.751000,751,2023,3,28,16,38,36,85,4.167500019073486,False,0,0,0,0
1969-12-31T19:00:06.760000,760,2023,3,28,16,38,36,85,4.167500019073486,False,0,0,0,0
1969-12-31T19:00:06.768000,768,2023,3,28,16,38,36,85,4.167500019073486,False,0,0,0,0
1969-12-31T19:00:06.776000,776,2023,3,28,16,38,36,85,4.167500019073486,False,0,0,0,0
1969-12-31T19:00:06.784000,784,2023,3,28,16,38,36,85,4.167500019073486,False,0,0,0,0
1969-12-31T19:00:06.792000,792,2023,3,28,16,38,36,85,4.167500019073486,False,0,0,0,0
1969-12-31T19:00:06.800000,800,2023,3,28,16,38,36,85,4.167500019073486,False,0,0,0,0
1969-12-31T19:00:06.809000,809,2023,3,28,16,38,36,85,4.167500019073486,False,0,0,0,0
1969-12-31T19:00:06.817000,817,2023,3,28,16,38,36,85,4.167500019073486,False,0,0,0,0
1969-12-31T19:00:06.825000,825,2023,3,28,16,38,36,85,4.167500019073486,False,0,0,0,0
1969-12-31T19:00:06.833000,833,2023,3,28,16,38,36,85,4.167500019073486,False,0,0,0,0
1969-12-31T19:00:06.841000,841,2023,3,28,16,38,36,85,4.167500019073486,False,0,0,0,0
1969-12-31T19:00:06.849000,849,2023,3,28,16,38,36,85,4.167500019073486,False,0,0,0,0
1969-12-31T19:00:06.858000,858,2023,3,28,16,38,36,85,4.167500019073486,False,0,0,0,0
1969-12-31T19:00:06.866000,866,2023,3,28,16,38,36,85,4.167500019073486,False,0,0,0,0
1969-12-31T19:00:06.874000,874,2023,3,28,16,38,36,85,4.167500019073486,False,0,0,0,0
1969-12-31T19:00:06.882000,882,2023,3,28,16,38,36,85,4.164999961853027,False,0,0,0,0
1969-12-31T19:00:06.890000,890,2023,3,28,16,38,36,85,4.164999961853027,False,0,0,0,0
1969-12-31T19:00:06.898000,898,2023,3,28,16,38,36,85,4.164999961853027,False,0,0,0,0
1969-12-31T19:00:06.906000,906,2023,3,28,16,38,36,85,4.164999961853027,False,0,0,0,0
1969-12-31T19:00:06.914000,914,2023,3,28,16,38,36,85,4.164999961853027,False,0,0,0,0
1969-12-31T19:00:06.922000,922,2023,3,28,16,38,36,85,4.164999961853027,False,0,0,0,0
1969-12-31T19:00:06.941000,941,2023,3,28,16,38,36,85,4.164999961853027,False,0,0,0,0
1969-12-31T19:00:06.949000,949,2023,3,28,16,38,36,85,4.164999961853027,False,0,0,0,0
1969-12-31T19:00:06.958000,958,2023,3,28,16,38,36,85,4.164999961853027,False,0,0,0,0
1969-12-31T19:00:06.966000,966,2023,3,28,16,38,36,85,4.164999961853027,False,0,0,0,0
1969-12-31T19:00:06.974000,974,2023,3,28,16,38,36,85,4.164999961853027,False,0,0,0,0
1969-12-31T19:00:06.982000,982,2023,3,28,16,38,36,85,4.164999961853027,False,0,0,0,0
1969-12-31T19:00:06.990000,990,2023,3,28,16,38,36,85,4.164999961853027,False,0,0,0,0
1969-12-31T19:00:07,0,2023,3,28,16,38,36,85,4.164999961853027,False,0,0,0,0
1969-12-31T19:00:07.009000,9,2023,3,28,16,38,36,85,4.164999961853027,False,0,0,0,0
1969-12-31T19:00:07.017000,17,2023,3,28,16,38,36,85,4.164999961853027,False,0,0,0,0
1969-12-31T19:00:07.025000,25,2023,3,28,16,38,36,85,4.164999961853027,False,0,0,0,0
1969-12-31T19:00:07.033000,33,2023,3,28,16,38,36,85,4.164999961853027,False,0,0,0,0
1969-12-31T19:00:07.041000,41,2023,3,28,16,38,36,85,4.164999961853027,False,0,0,0,0
1969-12-31T19:00:07.049000,49,2023,3,28,16,38,36,85,4.164999961853027,False,0,0,0,0
1969-12-31T19:00:07.057000,57,2023,3,28,16,38,36,85,4.164999961853027,False,0,0,0,0
1969-12-31T19:00:07.066000,66,2023,3,28,16,38,36,85,4.164999961853027,False,0,0,0,0
1969-12-31T19:00:07.074000,74,2023,3,28,16,38,36,85,4.164999961853027,False,0,0,0,0
1969-12-31T19:00:07.082000,82,2023,3,28,16,38,36,85,4.164999961853027,False,0,0,0,0
1969-12-31T19:00:07.090000,90,2023,3,28,16,38,36,85,4.164999961853027,False,0,0,0,0
1969-12-31T19:00:07.098000,98,2023,3,28,16,38,36,85,4.164999961853027,False,0,0,0,0
1969-12-31T19:00:07.106000,106,2023,3,28,16,38,36,85,4.164999961853027,False,0,0,0,0
1969-12-31T19:00:07.114000,114,2023,3,28,16,38,36,85,4.164999961853027,False,0,0,0,0
1969-12-31T19:00:07.122000,122,2023,3,28,16,38,36,85,4.164999961853027,False,0,0,0,0
1969-12-31T19:00:07.130000,130,2023,3,28,16,38,36,85,4.166250228881836,False,0,0,0,0
1969-12-31T19:00:07.139000,139,2023,3,28,16,38,36,85,4.166250228881836,False,0,0,0,0
1969-12-31T19:00:07.158000,158,2023,3,28,16,38,36,85,4.166250228881836,False,0,0,0,0
1969-12-31T19:00:07.166000,166,2023,3,28,16,38,36,85,4.166250228881836,False,0,0,0,0
1969-12-31T19:00:07.174000,174,2023,3,28,16,38,36,85,4.166250228881836,False,0,0,0,0
1969-12-31T19:00:07.182000,182,2023,3,28,16,38,36,85,4.166250228881836,False,0,0,0,0
1969-12-31T19:00:07.190000,190,2023,3,28,16,38,36,85,4.166250228881836,False,0,0,0,0
1969-12-31T19:00:07.198000,198,2023,3,28,16,38,36,85,4.166250228881836,False,0,0,0,0
1969-12-31T19:00:07.211000,211,2023,3,28,16,38,36,85,4.166250228881836,False,0,0,0,0
1969-12-31T19:00:07.220000,220,2023,3,28,16,38,36,85,4.166250228881836,False,0,0,0,0
1969-12-31T19:00:07.228000,228,2023,3,28,16,38,36,85,4.166250228881836,False,0,0,0,0
1969-12-31T19:00:07.236000,236,2023,3,28,16,38,36,85,4.166250228881836,False,0,0,0,0
1969-12-31T19:00:07.244000,244,2023,3,28,16,38,36,85,4.166250228881836,False,0,0,0,0
1969-12-31T19:00:07.252000,252,2023,3,28,16,38,36,85,4.166250228881836,False,0,0,0,0
1969-12-31T19:00:07.260000,260,2023,3,28,16,38,36,85,4.166250228881836,False,0,0,0,0
1969-12-31T19:00:07.268000,268,2023,3,28,16,38,36,85,4.166250228881836,False,0,0,0,0
1969-12-31T19:00:07.277000,277,2023,3,28,16,38,36,85,4.166250228881836,False,0,0,0,0
1969-12-31T19:00:07.285000,285,2023,3,28,16,38,36,85,4.166250228881836,False,0,0,0,0
1969-12-31T19:00:07.293000,293,2023,3,28,16,38,36,85,4.166250228881836,False,0,0,0,0
1969-12-31T19:00:07.301000,301,2023,3,28,16,38,36,85,4.166250228881836,False,0,0,0,0
1969-12-31T19:00:07.309000,309,2023,3,28,16,38,36,85,4.166250228881836,False,0,0,0,0
1969-12-31T19:00:07.317000,317,2023,3,28,16,38,36,85,4.166250228881836,False,0,0,0,0
1969-12-31T19:00:07.325000,325,2023,3,28,16,38,36,85,4.166250228881836,False,0,0,0,0
1969-12-31T19:00:07.333000,333,2023,3,28,16,38,36,85,4.166250228881836,False,0,0,0,0
1969-12-31T19:00:07.341000,341,2023,3,28,16,38,36,85,4.166250228881836,False,0,0,0,0
1969-12-31T19:00:07.349000,349,2023,3,28,16,38,36,85,4.166250228881836,False,0,0,0,0
1969-12-31T19:00:07.357000,357,2023,3,28,16,38,36,85,4.166250228881836,False,0,0,0,0
1969-12-31T19:00:07.378000,378,2023,3,28,16,38,38,75,4.166250228881836,False,0,0,0,0
1969-12-31T19:00:07.386000,386,2023,3,28,16,38,38,75,4.163750171661377,False,0,0,0,0
1969-12-31T19:00:07.395000,395,2023,3,28,16,38,38,75,4.163750171661377,False,0,0,0,0
1969-12-31T19:00:07.403000,403,2023,3,28,16,38,38,75,4.163750171661377,False,0,0,0,0
1969-12-31T19:00:07.411000,411,2023,3,28,16,38,38,75,4.163750171661377,False,0,0,0,0
1969-12-31T19:00:07.419000,419,2023,3,28,16,38,38,75,4.163750171661377,False,0,0,0,0
1969-12-31T19:00:07.427000,427,2023,3,28,16,38,38,75,4.163750171661377,False,0,0,0,0
1969-12-31T19:00:07.435000,435,2023,3,28,16,38,38,75,4.163750171661377,False,0,0,0,0
1969-12-31T19:00:07.443000,443,2023,3,28,16,38,38,75,4.163750171661377,False,0,0,0,0
1969-12-31T19:00:07.451000,451,2023,3,28,16,38,38,75,4.163750171661377,False,0,0,0,0
1969-12-31T19:00:07.459000,459,2023,3,28,16,38,38,75,4.163750171661377,False,0,0,0,0
1969-12-31T19:00:07.467000,467,2023,3,28,16,38,38,75,4.163750171661377,False,0,0,0,0
1969-12-31T19:00:07.476000,476,2023,3,28,16,38,38,75,4.163750171661377,False,0,0,0,0
1969-12-31T19:00:07.484000,484,2023,3,28,16,38,38,75,4.163750171661377,False,0,0,0,0
1969-12-31T19:00:07.492000,492,2023,3,28,16,38,38,75,4.163750171661377,False,0,0,0,0
1969-12-31T19:00:07.500000,500,2023,3,28,16,38,38,75,4.163750171661377,False,0,0,0,0
1969-12-31T19:00:07.508000,508,2023,3,28,16,38,38,75,4.163750171661377,False,0,0,0,0
1969-12-31T19:00:07.516000,516,2023,3,28,16,38,38,75,4.163750171661377,False,0,0,0,0
1969-12-31T19:00:07.524000,524,2023,3,28,16,38,38,75,4.163750171661377,False,0,0,0,0
1969-12-31T19:00:07.532000,532,2023,3,28,16,38,38,75,4.163750171661377,False,0,0,0,0
1969-12-31T19:00:07.541000,541,2023,3,28,16,38,38,75,4.163750171661377,False,0,0,0,0
1969-12-31T19:00:07.549000,549,2023,3,28,16,38,38,75,4.163750171661377,False,0,0,0,0
1969-12-31T19:00:07.557000,557,2023,3,28,16,38,38,75,4.163750171661377,False,0,0,0,0
1969-12-31T19:00:07.565000,565,2023,3,28,16,38,38,75,4.163750171661377,False,0,0,0,0
1969-12-31T19:00:07.573000,573,2023,3,28,16,38,38,75,4.163750171661377,False,0,0,0,0
1969-12-31T19:00:07.592000,592,2023,3,28,16,38,38,75,4.163750171661377,False,0,0,0,0
1969-12-31T19:00:07.600000,600,2023,3,28,16,38,38,75,4.163750171661377,False,0,0,0,0
1969-12-31T19:00:07.608000,608,2023,3,28,16,38,38,75,4.163750171661377,False,0,0,0,0
1969-12-31T19:00:07.616000,616,2023,3,28,16,38,38,75,4.163750171661377,False,0,0,0,0
1969-12-31T19:00:07.624000,624,2023,3,28,16,38,38,75,4.163750171661377,False,0,0,0,0
1969-12-31T19:00:07.633000,633,2023,3,28,16,38,38,75,4.163750171661377,False,0,0,0,0
1969-12-31T19:00:07.641000,641,2023,3,28,16,38,38,75,4.163750171661377,False,0,0,0,0
1969-12-31T19:00:07.649000,649,2023,3,28,16,38,38,75,4.163750171661377,False,0,0,0,0
1969-12-31T19:00:07.657000,657,2023,3,28,16,38,38,75,4.163750171661377,False,0,0,0,0
1969-12-31T19:00:07.665000,665,2023,3,28,16,38,38,75,4.163750171661377,False,0,0,0,0
1969-12-31T19:00:07.673000,673,2023,3,28,16,38,38,75,4.163750171661377,False,0,0,0,0
1969-12-31T19:00:07.682000,682,2023,3,28,16,38,38,75,4.163750171661377,False,0,0,0,0
1969-12-31T19:00:07.690000,690,2023,3,28,16,38,38,75,4.163750171661377,False,0,0,0,0
1969-12-31T19:00:07.698000,698,2023,3,28,16,38,38,75,4.163750171661377,False,0,0,0,0
1969-12-31T19:00:07.706000,706,2023,3,28,16,38,38,75,4.163750171661377,False,0,0,0,0
1969-12-31T19:00:07.714000,714,2023,3,28,16,38,38,75,4.163750171661377,False,0,0,0,0
1969-12-31T19:00:07.722000,722,2023,3,28,16,38,38,75,4.163750171661377,False,0,0,0,0
1969-12-31T19:00:07.730000,730,2023,3,28,16,38,38,75,4.163750171661377,False,0,0,0,0
1969-12-31T19:00:07.738000,738,2023,3,28,16,38,38,75,4.163750171661377,False,0,0,0,0
1969-12-31T19:00:07.746000,746,2023,3,28,16,38,38,75,4.163750171661377,False,0,0,0,0
1969-12-31T19:00:07.754000,754,2023,3,28,16,38,38,75,4.163750171661377,False,0,0,0,0
1969-12-31T19:00:07.762000,762,2023,3,28,16,38,38,75,4.163750171661377,False,0,0,0,0
1969-12-31T19:00:07.770000,770,2023,3,28,16,38,38,75,4.163750171661377,False,0,0,0,0
1969-12-31T19:00:07.779000,779,2023,3,28,16,38,38,75,4.163750171661377,False,0,0,0,0
1969-12-31T19:00:07.787000,787,2023,3,28,16,38,38,75,4.163750171661377,False,0,0,0,0
1969-12-31T19:00:07.806000,806,2023,3,28,16,38,38,75,4.163750171661377,False,0,0,0,0
1969-12-31T19:00:07.814000,814,2023,3,28,16,38,38,75,4.163750171661377,False,0,0,0,0
1969-12-31T19:00:07.822000,822,2023,3,28,16,38,38,75,4.163750171661377,False,0,0,0,0
1969-12-31T19:00:07.831000,831,2023,3,28,16,38,38,75,4.163750171661377,False,0,0,0,0
1969-12-31T19:00:07.839000,839,2023,3,28,16,38,38,75,4.163750171661377,False,0,0,0,0
1969-12-31T19:00:07.847000,847,2023,3,28,16,38,38,75,4.163750171661377,False,0,0,0,0
1969-12-31T19:00:07.855000,855,2023,3,28,16,38,38,75,4.163750171661377,False,0,0,0,0
1969-12-31T19:00:07.863000,863,2023,3,28,16,38,38,75,4.163750171661377,False,0,0,0,0
1969-12-31T19:00:07.871000,871,2023,3,28,16,38,38,75,4.163750171661377,False,0,0,0,0
1969-12-31T19:00:07.879000,879,2023,3,28,16,38,38,75,4.163750171661377,False,0,0,0,0
1969-12-31T19:00:07.887000,887,2023,3,28,16,38,38,75,4.164999961853027,False,0,0,0,0
1969-12-31T19:00:07.895000,895,2023,3,28,16,38,38,75,4.164999961853027,False,0,0,0,0
1969-12-31T19:00:07.903000,903,2023,3,28,16,38,38,75,4.164999961853027,False,0,0,0,0
1969-12-31T19:00:07.912000,912,2023,3,28,16,38,38,75,4.164999961853027,False,0,0,0,0
1969-12-31T19:00:07.920000,920,2023,3,28,16,38,38,75,4.164999961853027,False,0,0,0,0
1969-12-31T19:00:07.928000,928,2023,3,28,16,38,38,75,4.164999961853027,False,0,0,0,0
1969-12-31T19:00:07.936000,936,2023,3,28,16,38,38,75,4.164999961853027,False,0,0,0,0
1969-12-31T19:00:07.944000,944,2023,3,28,16,38,38,75,4.164999961853027,False,0,0,0,0
1969-12-31T19:00:07.952000,952,2023,3,28,16,38,38,75,4.164999961853027,False,0,0,0,0
1969-12-31T19:00:07.960000,960,2023,3,28,16,38,38,75,4.164999961853027,False,0,0,0,0
1969-12-31T19:00:07.968000,968,2023,3,28,16,38,38,75,4.164999961853027,False,0,0,0,0
1969-12-31T19:00:07.976000,976,2023,3,28,16,38,38,75,4.164999961853027,False,0,0,0,0
1969-12-31T19:00:07.985000,985,2023,3,28,16,38,38,75,4.164999961853027,False,0,0,0,0
1969-12-31T19:00:07.993000,993,2023,3,28,16,38,38,75,4.164999961853027,False,0,0,0,0
1969-12-31T19:00:08,0,2023,3,28,16,38,38,75,4.164999961853027,False,0,0,0,0
1969-12-31T19:00:08.019000,19,2023,3,28,16,38,38,75,4.164999961853027,False,0,0,0,0
1969-12-31T19:00:08.027000,27,2023,3,28,16,38,38,75,4.164999961853027,False,0,0,0,0
1969-12-31T19:00:08.035000,35,2023,3,28,16,38,38,75,4.164999961853027,False,0,0,0,0
1969-12-31T19:00:08.043000,43,2023,3,28,16,38,38,75,4.164999961853027,False,0,0,0,0
1969-12-31T19:00:08.051000,51,2023,3,28,16,38,38,75,4.164999961853027,False,0,0,0,0
1969-12-31T19:00:08.059000,59,2023,3,28,16,38,38,75,4.164999961853027,False,0,0,0,0
1969-12-31T19:00:08.068000,68,2023,3,28,16,38,38,75,4.164999961853027,False,0,0,0,0
1969-12-31T19:00:08.076000,76,2023,3,28,16,38,38,75,4.164999961853027,False,0,0,0,0
1969-12-31T19:00:08.084000,84,2023,3,28,16,38,38,75,4.164999961853027,False,0,0,0,0
1969-12-31T19:00:08.092000,92,2023,3,28,16,38,38,75,4.164999961853027,False,0,0,0,0
1969-12-31T19:00:08.100000,100,2023,3,28,16,38,38,75,4.164999961853027,False,0,0,0,0
1969-12-31T19:00:08.108000,108,2023,3,28,16,38,38,75,4.164999961853027,False,0,0,0,0
1969-12-31T19:00:08.116000,116,2023,3,28,16,38,38,75,4.164999961853027,False,0,0,0,0
1969-12-31T19:00:08.125000,125,2023,3,28,16,38,38,75,4.164999961853027,False,0,0,0,0
1969-12-31T19:00:08.133000,133,2023,3,28,16,38,38,75,4.163750171661377,False,0,0,0,0
1969-12-31T19:00:08.141000,141,2023,3,28,16,38,38,75,4.163750171661377,False,0,0,0,0
1969-12-31T19:00:08.149000,149,2023,3,28,16,38,38,75,4.163750171661377,False,0,0,0,0
1969-12-31T19:00:08.157000,157,2023,3,28,16,38,38,75,4.163750171661377,False,0,0,0,0
1969-12-31T19:00:08.165000,165,2023,3,28,16,38,38,75,4.163750171661377,False,0,0,0,0
1969-12-31T19:00:08.173000,173,2023,3,28,16,38,38,75,4.163750171661377,False,0,0,0,0
1969-12-31T19:00:08.181000,181,2023,3,28,16,38,38,75,4.163750171661377,False,0,0,0,0
1969-12-31T19:00:08.190000,190,2023,3,28,16,38,38,75,4.163750171661377,False,0,0,0,0
1969-12-31T19:00:08.198000,198,2023,3,28,16,38,38,75,4.163750171661377,False,0,0,0,0
1969-12-31T19:00:08.206000,206,2023,3,28,16,38,38,75,4.163750171661377,False,0,0,0,0
1969-12-31T19:00:08.214000,214,2023,3,28,16,38,38,75,4.163750171661377,False,0,0,0,0
1969-12-31T19:00:08.233000,233,2023,3,28,16,38,38,75,4.163750171661377,False,0,0,0,0
1969-12-31T19:00:08.241000,241,2023,3,28,16,38,38,75,4.163750171661377,False,0,0,0,0
1969-12-31T19:00:08.249000,249,2023,3,28,16,38,38,75,4.163750171661377,False,0,0,0,0
1969-12-31T19:00:08.258000,258,2023,3,28,16,38,38,75,4.163750171661377,False,0,0,0,0
1969-12-31T19:00:08.266000,266,2023,3,28,16,38,38,75,4.163750171661377,False,0,0,0,0
1969-12-31T19:00:08.274000,274,2023,3,28,16,38,38,75,4.163750171661377,False,0,0,0,0
1969-12-31T19:00:08.282000,282,2023,3,28,16,38,38,75,4.163750171661377,False,0,0,0,0
1969-12-31T19:00:08.290000,290,2023,3,28,16,38,38,75,4.163750171661377,False,0,0,0,0
1969-12-31T19:00:08.298000,298,2023,3,28,16,38,38,75,4.163750171661377,False,0,0,0,0
1969-12-31T19:00:08.307000,307,2023,3,28,16,38,38,75,4.163750171661377,False,0,0,0,0
1969-12-31T19:00:08.315000,315,2023,3,28,16,38,38,75,4.163750171661377,False,0,0,0,0
1969-12-31T19:00:08.323000,323,2023,3,28,16,38,38,75,4.163750171661377,False,0,0,0,0
1969-12-31T19:00:08.331000,331,2023,3,28,16,38,38,75,4.163750171661377,False,0,0,0,0
1969-12-31T19:00:08.345000,345,2023,3,28,16,38,38,75,4.163750171661377,False,0,0,0,0
1969-12-31T19:00:08.353000,353,2023,3,28,16,38,38,75,4.163750171661377,False,0,0,0,0
1969-12-31T19:00:08.361000,361,2023,3,28,16,38,38,75,4.163750171661377,False,0,0,0,0
1969-12-31T19:00:08.369000,369,2023,3,28,16,38,38,75,4.163750171661377,False,0,0,0,0
1969-12-31T19:00:08.377000,377,2023,3,28,16,38,38,75,4.163750171661377,False,0,0,0,0
1969-12-31T19:00:08.385000,385,2023,3,28,16,38,38,75,4.163750171661377,False,0,0,0,0
1969-12-31T19:00:08.394000,394,2023,3,28,16,38,38,75,4.163750171661377,False,0,0,0,0
1969-12-31T19:00:08.402000,402,2023,3,28,16,38,38,75,4.163750171661377,False,0,0,0,0
1969-12-31T19:00:08.410000,410,2023,3,28,16,38,38,75,4.163750171661377,False,0,0,0,0
1969-12-31T19:00:08.418000,418,2023,3,28,16,38,38,75,4.163750171661377,False,0,0,0,0
1969-12-31T19:00:08.426000,426,2023,3,28,16,38,38,75,4.163750171661377,False,0,0,0,0
1969-12-31T19:00:08.434000,434,2023,3,28,16,38,38,75,4.163750171661377,False,0,0,0,0
1969-12-31T19:00:08.455000,455,2023,3,28,16,38,38,75,4.163750171661377,False,0,0,0,0
1969-12-31T19:00:08.463000,463,2023,3,28,16,38,38,75,4.163750171661377,False,0,0,0,0
1969-12-31T19:00:08.471000,471,2023,3,28,16,38,38,75,4.163750171661377,False,0,0,0,0
1969-12-31T19:00:08.479000,479,2023,3,28,16,38,38,75,4.163750171661377,False,0,0,0,0
1969-12-31T19:00:08.487000,487,2023,3,28,16,38,38,75,4.163750171661377,False,0,0,0,0
1969-12-31T19:00:08.496000,496,2023,3,28,16,38,38,75,4.163750171661377,False,0,0,0,0
1969-12-31T19:00:08.504000,504,2023,3,28,16,38,38,75,4.163750171661377,False,0,0,0,0
1969-12-31T19:00:08.512000,512,2023,3,28,16,38,38,75,4.163750171661377,False,0,0,0,0
1969-12-31T19:00:08.520000,520,2023,3,28,16,38,38,75,4.163750171661377,False,0,0,0,0
1969-12-31T19:00:08.528000,528,2023,3,28,16,38,38,75,4.163750171661377,False,0,0,0,0
1969-12-31T19:00:08.536000,536,2023,3,28,16,38,38,75,4.163750171661377,False,0,0,0,0
1969-12-31T19:00:08.544000,544,2023,3,28,16,38,38,75,4.163750171661377,False,0,0,0,0
1969-12-31T19:00:08.552000,552,2023,3,28,16,38,38,75,4.163750171661377,False,0,0,0,0
1969-12-31T19:00:08.561000,561,2023,3,28,16,38,38,75,4.163750171661377,False,0,0,0,0
1969-12-31T19:00:08.569000,569,2023,3,28,16,38,38,75,4.163750171661377,False,0,0,0,0
1969-12-31T19:00:08.577000,577,2023,3,28,16,38,38,75,4.163750171661377,False,0,0,0,0
1969-12-31T19:00:08.585000,585,2023,3,28,16,38,38,75,4.163750171661377,False,0,0,0,0
1969-12-31T19:00:08.593000,593,2023,3,28,16,38,38,75,4.163750171661377,False,0,0,0,0
1969-12-31T19:00:08.601000,601,2023,3,28,16,38,38,75,4.163750171661377,False,0,0,0,0
1969-12-31T19:00:08.609000,609,2023,3,28,16,38,38,75,4.163750171661377,False,0,0,0,0
1969-12-31T19:00:08.617000,617,2023,3,28,16,38,38,75,4.163750171661377,False,0,0,0,0
1969-12-31T19:00:08.626000,626,2023,3,28,16,38,38,75,4.163750171661377,False,0,0,0,0
1969-12-31T19:00:08.634000,634,2023,3,28,16,38,38,75,4.164999961853027,False,0,0,0,0
1969-12-31T19:00:08.642000,642,2023,3,28,16,38,38,75,4.164999961853027,False,0,0,0,0
1969-12-31T19:00:08.650000,650,2023,3,28,16,38,38,75,4.164999961853027,False,0,0,0,0
1969-12-31T19:00:08.669000,669,2023,3,28,16,38,38,75,4.164999961853027,False,0,0,0,0
1969-12-31T19:00:08.677000,677,2023,3,28,16,38,38,75,4.164999961853027,False,0,0,0,0
1969-12-31T19:00:08.685000,685,2023,3,28,16,38,38,75,4.164999961853027,False,0,0,0,0
1969-12-31T19:00:08.693000,693,2023,3,28,16,38,38,75,4.164999961853027,False,0,0,0,0
1969-12-31T19:00:08.702000,702,2023,3,28,16,38,38,75,4.164999961853027,False,0,0,0,0
1969-12-31T19:00:08.710000,710,2023,3,28,16,38,38,75,4.164999961853027,False,0,0,0,0
1969-12-31T19:00:08.718000,718,2023,3,28,16,38,38,75,4.164999961853027,False,0,0,0,0
1969-12-31T19:00:08.726000,726,2023,3,28,16,38,38,75,4.164999961853027,False,0,0,0,0
1969-12-31T19:00:08.734000,734,2023,3,28,16,38,38,75,4.164999961853027,False,0,0,0,0
1969-12-31T19:00:08.742000,742,2023,3,28,16,38,38,75,4.164999961853027,False,0,0,0,0
1969-12-31T19:00:08.750000,750,2023,3,28,16,38,38,75,4.164999961853027,False,0,0,0,0
1969-12-31T19:00:08.758000,758,2023,3,28,16,38,38,75,4.164999961853027,False,0,0,0,0
1969-12-31T19:00:08.766000,766,2023,3,28,16,38,38,75,4.164999961853027,False,0,0,0,0
1969-12-31T19:00:08.774000,774,2023,3,28,16,38,38,75,4.164999961853027,False,0,0,0,0
1969-12-31T19:00:08.782000,782,2023,3,28,16,38,38,75,4.164999961853027,False,0,0,0,0
1969-12-31T19:00:08.790000,790,2023,3,28,16,38,38,75,4.164999961853027,False,0,0,0,0
1969-12-31T19:00:08.799000,799,2023,3,28,16,38,38,75,4.164999961853027,False,0,0,0,0
1969-12-31T19:00:08.807000,807,2023,3,28,16,38,38,75,4.164999961853027,False,0,0,0,0
1969-12-31T19:00:08.815000,815,2023,3,28,16,38,38,75,4.164999961853027,False,0,0,0,0
1969-12-31T19:00:08.823000,823,2023,3,28,16,38,38,75,4.164999961853027,False,0,0,0,0
1969-12-31T19:00:08.832000,832,2023,3,28,16,38,38,75,4.164999961853027,False,0,0,0,0
1969-12-31T19:00:08.840000,840,2023,3,28,16,38,38,75,4.164999961853027,False,0,0,0,0
1969-12-31T19:00:08.848000,848,2023,3,28,16,38,38,75,4.164999961853027,False,0,0,0,0
1969-12-31T19:00:08.856000,856,2023,3,28,16,38,38,75,4.164999961853027,False,0,0,0,0
1969-12-31T19:00:08.864000,864,2023,3,28,16,38,38,75,4.164999961853027,False,0,0,0,0
1969-12-31T19:00:08.883000,883,2023,3,28,16,38,38,75,4.164999961853027,False,0,0,0,0
1969-12-31T19:00:08.891000,891,2023,3,28,16,38,38,75,4.164999961853027,False,0,0,0,0
1969-12-31T19:00:08.899000,899,2023,3,28,16,38,38,75,4.164999961853027,False,0,0,0,0
1969-12-31T19:00:08.907000,907,2023,3,28,16,38,38,75,4.164999961853027,False,0,0,0,0
1969-12-31T19:00:08.916000,916,2023,3,28,16,38,38,75,4.164999961853027,False,0,0,0,0
1969-12-31T19:00:08.924000,924,2023,3,28,16,38,38,75,4.164999961853027,False,0,0,0,0
1969-12-31T19:00:08.932000,932,2023,3,28,16,38,38,75,4.164999961853027,False,0,0,0,0
1969-12-31T19:00:08.940000,940,2023,3,28,16,38,38,75,4.164999961853027,False,0,0,0,0
1969-12-31T19:00:08.948000,948,2023,3,28,16,38,38,75,4.164999961853027,False,0,0,0,0
1969-12-31T19:00:08.956000,956,2023,3,28,16,38,38,75,4.164999961853027,False,0,0,0,0
1969-12-31T19:00:08.964000,964,2023,3,28,16,38,38,75,4.164999961853027,False,0,0,0,0
1969-12-31T19:00:08.972000,972,2023,3,28,16,38,38,75,4.164999961853027,False,0,0,0,0
1969-12-31T19:00:08.980000,980,2023,3,28,16,38,38,75,4.164999961853027,False,0,0,0,0
1969-12-31T19:00:08.989000,989,2023,3,28,16,38,38,75,4.164999961853027,False,0,0,0,0
1969-12-31T19:00:08.997000,997,2023,3,28,16,38,38,75,4.164999961853027,False,0,0,0,0
1969-12-31T19:00:09,0,2023,3,28,16,38,38,75,4.164999961853027,False,0,0,0,0
1969-12-31T19:00:09.008000,8,2023,3,28,16,38,38,75,4.164999961853027,False,0,0,0,0
1969-12-31T19:00:09.017000,17,2023,3,28,16,38,38,75,4.164999961853027,False,0,0,0,0
1969-12-31T19:00:09.025000,25,2023,3,28,16,38,38,75,4.164999961853027,False,0,0,0,0
1969-12-31T19:00:09.033000,33,2023,3,28,16,38,38,75,4.164999961853027,False,0,0,0,0
1969-12-31T19:00:09.041000,41,2023,3,28,16,38,38,75,4.164999961853027,False,0,0,0,0
1969-12-31T19:00:09.049000,49,2023,3,28,16,38,38,75,4.164999961853027,False,0,0,0,0
1969-12-31T19:00:09.057000,57,2023,3,28,16,38,38,75,4.164999961853027,False,0,0,0,0
1969-12-31T19:00:09.065000,65,2023,3,28,16,38,38,75,4.164999961853027,False,0,0,0,0
1969-12-31T19:00:09.073000,73,2023,3,28,16,38,38,75,4.164999961853027,False,0,0,0,0
1969-12-31T19:00:09.092000,92,2023,3,28,16,38,38,75,4.164999961853027,False,0,0,0,0
1969-12-31T19:00:09.100000,100,2023,3,28,16,38,38,75,4.164999961853027,False,0,0,0,0
1969-12-31T19:00:09.109000,109,2023,3,28,16,38,38,75,4.164999961853027,False,0,0,0,0
1969-12-31T19:00:09.117000,117,2023,3,28,16,38,38,75,4.164999961853027,False,0,0,0,0
1969-12-31T19:00:09.125000,125,2023,3,28,16,38,38,75,4.164999961853027,False,0,0,0,0
1969-12-31T19:00:09.133000,133,2023,3,28,16,38,38,75,4.164999961853027,False,0,0,0,0
1969-12-31T19:00:09.141000,141,2023,3,28,16,38,38,75,4.164999961853027,False,0,0,0,0
1969-12-31T19:00:09.149000,149,2023,3,28,16,38,38,75,4.164999961853027,False,0,0,0,0
1969-12-31T19:00:09.157000,157,2023,3,28,16,38,38,75,4.164999961853027,False,0,0,0,0
1969-12-31T19:00:09.165000,165,2023,3,28,16,38,38,75,4.164999961853027,False,0,0,0,0
1969-12-31T19:00:09.173000,173,2023,3,28,16,38,38,75,4.164999961853027,False,0,0,0,0
1969-12-31T19:00:09.182000,182,2023,3,28,16,38,38,75,4.164999961853027,False,0,0,0,0
1969-12-31T19:00:09.190000,190,2023,3,28,16,38,38,75,4.164999961853027,False,0,0,0,0
1969-12-31T19:00:09.198000,198,2023,3,28,16,38,38,75,4.164999961853027,False,0,0,0,0
1969-12-31T19:00:09.211000,211,2023,3,28,16,38,38,75,4.164999961853027,False,0,0,0,0
1969-12-31T19:00:09.219000,219,2023,3,28,16,38,38,75,4.164999961853027,False,0,0,0,0
1969-12-31T19:00:09.227000,227,2023,3,28,16,38,38,75,4.164999961853027,False,0,0,0,0
1969-12-31T19:00:09.235000,235,2023,3,28,16,38,38,75,4.164999961853027,False,0,0,0,0
1969-12-31T19:00:09.243000,243,2023,3,28,16,38,38,75,4.164999961853027,False,0,0,0,0
1969-12-31T19:00:09.251000,251,2023,3,28,16,38,38,75,4.164999961853027,False,0,0,0,0
1969-12-31T19:00:09.259000,259,2023,3,28,16,38,38,75,4.164999961853027,False,0,0,0,0
1969-12-31T19:00:09.268000,268,2023,3,28,16,38,38,75,4.164999961853027,False,0,0,0,0
1969-12-31T19:00:09.276000,276,2023,3,28,16,38,38,75,4.164999961853027,False,0,0,0,0
1969-12-31T19:00:09.284000,284,2023,3,28,16,38,38,75,4.164999961853027,False,0,0,0,0
1969-12-31T19:00:09.292000,292,2023,3,28,16,38,38,75,4.164999961853027,False,0,0,0,0
1969-12-31T19:00:09.317000,317,2023,3,28,16,38,40,69,4.164999961853027,False,0,0,0,0
1969-12-31T19:00:09.326000,326,2023,3,28,16,38,40,69,4.164999961853027,False,0,0,0,0
1969-12-31T19:00:09.334000,334,2023,3,28,16,38,40,69,4.164999961853027,False,0,0,0,0
1969-12-31T19:00:09.342000,342,2023,3,28,16,38,40,69,4.164999961853027,False,0,0,0,0
1969-12-31T19:00:09.350000,350,2023,3,28,16,38,40,69,4.164999961853027,False,0,0,0,0
1969-12-31T19:00:09.358000,358,2023,3,28,16,38,40,69,4.164999961853027,False,0,0,0,0
1969-12-31T19:00:09.366000,366,2023,3,28,16,38,40,69,4.164999961853027,False,0,0,0,0
1969-12-31T19:00:09.374000,374,2023,3,28,16,38,40,69,4.164999961853027,False,0,0,0,0
1969-12-31T19:00:09.382000,382,2023,3,28,16,38,40,69,4.164999961853027,False,0,0,0,0
1969-12-31T19:00:09.390000,390,2023,3,28,16,38,40,69,4.164999961853027,False,0,0,0,0
1969-12-31T19:00:09.398000,398,2023,3,28,16,38,40,69,4.164999961853027,False,0,0,0,0
1969-12-31T19:00:09.406000,406,2023,3,28,16,38,40,69,4.164999961853027,False,0,0,0,0
1969-12-31T19:00:09.415000,415,2023,3,28,16,38,40,69,4.164999961853027,False,0,0,0,0
1969-12-31T19:00:09.423000,423,2023,3,28,16,38,40,69,4.164999961853027,False,0,0,0,0
1969-12-31T19:00:09.431000,431,2023,3,28,16,38,40,69,4.164999961853027,False,0,0,0,0
1969-12-31T19:00:09.439000,439,2023,3,28,16,38,40,69,4.164999961853027,False,0,0,0,0
1969-12-31T19:00:09.447000,447,2023,3,28,16,38,40,69,4.164999961853027,False,0,0,0,0
1969-12-31T19:00:09.455000,455,2023,3,28,16,38,40,69,4.164999961853027,False,0,0,0,0
1969-12-31T19:00:09.463000,463,2023,3,28,16,38,40,69,4.164999961853027,False,0,0,0,0
1969-12-31T19:00:09.471000,471,2023,3,28,16,38,40,69,4.164999961853027,False,0,0,0,0
1969-12-31T19:00:09.480000,480,2023,3,28,16,38,40,69,4.164999961853027,False,0,0,0,0
1969-12-31T19:00:09.488000,488,2023,3,28,16,38,40,69,4.164999961853027,False,0,0,0,0
1969-12-31T19:00:09.496000,496,2023,3,28,16,38,40,69,4.164999961853027,False,0,0,0,0
1969-12-31T19:00:09.504000,504,2023,3,28,16,38,40,69,4.164999961853027,False,0,0,0,0
1969-12-31T19:00:09.512000,512,2023,3,28,16,38,40,69,4.164999961853027,False,0,0,0,0
1969-12-31T19:00:09.531000,531,2023,3,28,16,38,40,69,4.164999961853027,False,0,0,0,0
1969-12-31T19:00:09.539000,539,2023,3,28,16,38,40,69,4.164999961853027,False,0,0,0,0
1969-12-31T19:00:09.547000,547,2023,3,28,16,38,40,69,4.164999961853027,False,0,0,0,0
1969-12-31T19:00:09.555000,555,2023,3,28,16,38,40,69,4.164999961853027,False,0,0,0,0
1969-12-31T19:00:09.564000,564,2023,3,28,16,38,40,69,4.164999961853027,False,0,0,0,0
1969-12-31T19:00:09.572000,572,2023,3,28,16,38,40,69,4.164999961853027,False,0,0,0,0
1969-12-31T19:00:09.580000,580,2023,3,28,16,38,40,69,4.164999961853027,False,0,0,0,0
1969-12-31T19:00:09.588000,588,2023,3,28,16,38,40,69,4.164999961853027,False,0,0,0,0
1969-12-31T19:00:09.596000,596,2023,3,28,16,38,40,69,4.164999961853027,False,0,0,0,0
1969-12-31T19:00:09.604000,604,2023,3,28,16,38,40,69,4.164999961853027,False,0,0,0,0
1969-12-31T19:00:09.612000,612,2023,3,28,16,38,40,69,4.164999961853027,False,0,0,0,0
1969-12-31T19:00:09.621000,621,2023,3,28,16,38,40,69,4.164999961853027,False,0,0,0,0
1969-12-31T19:00:09.629000,629,2023,3,28,16,38,40,69,4.164999961853027,False,0,0,0,0
1969-12-31T19:00:09.637000,637,2023,3,28,16,38,40,69,4.164999961853027,False,0,0,0,0
1969-12-31T19:00:09.645000,645,2023,3,28,16,38,40,69,4.164999961853027,False,0,0,0,0
1969-12-31T19:00:09.653000,653,2023,3,28,16,38,40,69,4.164999961853027,False,0,0,0,0
1969-12-31T19:00:09.661000,661,2023,3,28,16,38,40,69,4.164999961853027,False,0,0,0,0
1969-12-31T19:00:09.669000,669,2023,3,28,16,38,40,69,4.164999961853027,False,0,0,0,0
1969-12-31T19:00:09.677000,677,2023,3,28,16,38,40,69,4.164999961853027,False,0,0,0,0
1969-12-31T19:00:09.685000,685,2023,3,28,16,38,40,69,4.164999961853027,False,0,0,0,0
1969-12-31T19:00:09.693000,693,2023,3,28,16,38,40,69,4.164999961853027,False,0,0,0,0
1969-12-31T19:00:09.702000,702,2023,3,28,16,38,40,69,4.164999961853027,False,0,0,0,0
1969-12-31T19:00:09.710000,710,2023,3,28,16,38,40,69,4.164999961853027,False,0,0,0,0
1969-12-31T19:00:09.718000,718,2023,3,28,16,38,40,69,4.164999961853027,False,0,0,0,0
1969-12-31T19:00:09.726000,726,2023,3,28,16,38,40,69,4.164999961853027,False,0,0,0,0
1969-12-31T19:00:09.745000,745,2023,3,28,16,38,40,69,4.164999961853027,False,0,0,0,0
1969-12-31T19:00:09.753000,753,2023,3,28,16,38,40,69,4.164999961853027,False,0,0,0,0
1969-12-31T19:00:09.761000,761,2023,3,28,16,38,40,69,4.164999961853027,False,0,0,0,0
1969-12-31T19:00:09.769000,769,2023,3,28,16,38,40,69,4.164999961853027,False,0,0,0,0
1969-12-31T19:00:09.777000,777,2023,3,28,16,38,40,69,4.164999961853027,False,0,0,0,0
1969-12-31T19:00:09.786000,786,2023,3,28,16,38,40,69,4.164999961853027,False,0,0,0,0
1969-12-31T19:00:09.794000,794,2023,3,28,16,38,40,69,4.164999961853027,False,0,0,0,0
1969-12-31T19:00:09.802000,802,2023,3,28,16,38,40,69,4.164999961853027,False,0,0,0,0
1969-12-31T19:00:09.810000,810,2023,3,28,16,38,40,69,4.164999961853027,False,0,0,0,0
1969-12-31T19:00:09.818000,818,2023,3,28,16,38,40,69,4.164999961853027,False,0,0,0,0
1969-12-31T19:00:09.826000,826,2023,3,28,16,38,40,69,4.164999961853027,False,0,0,0,0
1969-12-31T19:00:09.835000,835,2023,3,28,16,38,40,69,4.164999961853027,False,0,0,0,0
1969-12-31T19:00:09.843000,843,2023,3,28,16,38,40,69,4.164999961853027,False,0,0,0,0
1969-12-31T19:00:09.851000,851,2023,3,28,16,38,40,69,4.164999961853027,False,0,0,0,0
1969-12-31T19:00:09.859000,859,2023,3,28,16,38,40,69,4.164999961853027,False,0,0,0,0
1969-12-31T19:00:09.867000,867,2023,3,28,16,38,40,69,4.164999961853027,False,0,0,0,0
1969-12-31T19:00:09.875000,875,2023,3,28,16,38,40,69,4.164999961853027,False,0,0,0,0
1969-12-31T19:00:09.883000,883,2023,3,28,16,38,40,69,4.164999961853027,False,0,0,0,0
1969-12-31T19:00:09.891000,891,2023,3,28,16,38,40,69,4.164999961853027,False,0,0,0,0
1969-12-31T19:00:09.899000,899,2023,3,28,16,38,40,69,4.164999961853027,False,0,0,0,0
1969-12-31T19:00:09.907000,907,2023,3,28,16,38,40,69,4.164999961853027,False,0,0,0,0
1969-12-31T19:00:09.915000,915,2023,3,28,16,38,40,69,4.164999961853027,False,0,0,0,0
1969-12-31T19:00:09.923000,923,2023,3,28,16,38,40,69,4.164999961853027,False,0,0,0,0
1969-12-31T19:00:09.932000,932,2023,3,28,16,38,40,69,4.164999961853027,False,0,0,0,0
1969-12-31T19:00:09.940000,940,2023,3,28,16,38,40,69,4.164999961853027,False,0,0,0,0
1969-12-31T19:00:09.959000,959,2023,3,28,16,38,40,69,4.164999961853027,False,0,0,0,0
1969-12-31T19:00:09.967000,967,2023,3,28,16,38,40,69,4.164999961853027,False,0,0,0,0
1969-12-31T19:00:09.975000,975,2023,3,28,16,38,40,69,4.164999961853027,False,0,0,0,0
1969-12-31T19:00:09.983000,983,2023,3,28,16,38,40,69,4.164999961853027,False,0,0,0,0
1969-12-31T19:00:09.991000,991,2023,3,28,16,38,40,69,4.164999961853027,False,0,0,0,0
1969-12-31T19:00:10,0,2023,3,28,16,38,40,69,4.164999961853027,False,0,0,0,0
1969-12-31T19:00:10.008000,8,2023,3,28,16,38,40,69,4.164999961853027,False,0,0,0,0
1969-12-31T19:00:10.017000,17,2023,3,28,16,38,40,69,4.164999961853027,False,0,0,0,0
1969-12-31T19:00:10.025000,25,2023,3,28,16,38,40,69,4.164999961853027,False,0,0,0,0
1969-12-31T19:00:10.033000,33,2023,3,28,16,38,40,69,4.164999961853027,False,0,0,0,0
1969-12-31T19:00:10.041000,41,2023,3,28,16,38,40,69,4.164999961853027,False,0,0,0,0
1969-12-31T19:00:10.049000,49,2023,3,28,16,38,40,69,4.164999961853027,False,0,0,0,0
1969-12-31T19:00:10.057000,57,2023,3,28,16,38,40,69,4.164999961853027,False,0,0,0,0
1969-12-31T19:00:10.065000,65,2023,3,28,16,38,40,69,4.164999961853027,False,0,0,0,0
1969-12-31T19:00:10.074000,74,2023,3,28,16,38,40,69,4.164999961853027,False,0,0,0,0
1969-12-31T19:00:10.082000,82,2023,3,28,16,38,40,69,4.164999961853027,False,0,0,0,0
1969-12-31T19:00:10.090000,90,2023,3,28,16,38,40,69,4.164999961853027,False,0,0,0,0
1969-12-31T19:00:10.098000,98,2023,3,28,16,38,40,69,4.164999961853027,False,0,0,0,0
1969-12-31T19:00:10.106000,106,2023,3,28,16,38,40,69,4.164999961853027,False,0,0,0,0
1969-12-31T19:00:10.114000,114,2023,3,28,16,38,40,69,4.164999961853027,False,0,0,0,0
1969-12-31T19:00:10.122000,122,2023,3,28,16,38,40,69,4.164999961853027,False,0,0,0,0
1969-12-31T19:00:10.131000,131,2023,3,28,16,38,40,69,4.163750171661377,False,0,0,0,0
1969-12-31T19:00:10.139000,139,2023,3,28,16,38,40,69,4.163750171661377,False,0,0,0,0
1969-12-31T19:00:10.147000,147,2023,3,28,16,38,40,69,4.163750171661377,False,0,0,0,0
1969-12-31T19:00:10.155000,155,2023,3,28,16,38,40,69,4.163750171661377,False,0,0,0,0
1969-12-31T19:00:10.174000,174,2023,3,28,16,38,40,69,4.163750171661377,False,0,0,0,0
1969-12-31T19:00:10.182000,182,2023,3,28,16,38,40,69,4.163750171661377,False,0,0,0,0
1969-12-31T19:00:10.190000,190,2023,3,28,16,38,40,69,4.163750171661377,False,0,0,0,0
1969-12-31T19:00:10.198000,198,2023,3,28,16,38,40,69,4.163750171661377,False,0,0,0,0
1969-12-31T19:00:10.206000,206,2023,3,28,16,38,40,69,4.163750171661377,False,0,0,0,0
1969-12-31T19:00:10.214000,214,2023,3,28,16,38,40,69,4.163750171661377,False,0,0,0,0
1969-12-31T19:00:10.222000,222,2023,3,28,16,38,40,69,4.163750171661377,False,0,0,0,0
1969-12-31T19:00:10.231000,231,2023,3,28,16,38,40,69,4.163750171661377,False,0,0,0,0
1969-12-31T19:00:10.239000,239,2023,3,28,16,38,40,69,4.163750171661377,False,0,0,0,0
1969-12-31T19:00:10.247000,247,2023,3,28,16,38,40,69,4.163750171661377,False,0,0,0,0
1969-12-31T19:00:10.255000,255,2023,3,28,16,38,40,69,4.163750171661377,False,0,0,0,0
1969-12-31T19:00:10.263000,263,2023,3,28,16,38,40,69,4.163750171661377,False,0,0,0,0
1969-12-31T19:00:10.271000,271,2023,3,28,16,38,40,69,4.163750171661377,False,0,0,0,0
1969-12-31T19:00:10.285000,285,2023,3,28,16,38,40,69,4.163750171661377,False,0,0,0,0
1969-12-31T19:00:10.294000,294,2023,3,28,16,38,40,69,4.163750171661377,False,0,0,0,0
1969-12-31T19:00:10.302000,302,2023,3,28,16,38,40,69,4.163750171661377,False,0,0,0,0
1969-12-31T19:00:10.310000,310,2023,3,28,16,38,40,69,4.163750171661377,False,0,0,0,0
1969-12-31T19:00:10.318000,318,2023,3,28,16,38,40,69,4.163750171661377,False,0,0,0,0
1969-12-31T19:00:10.326000,326,2023,3,28,16,38,40,69,4.163750171661377,False,0,0,0,0
1969-12-31T19:00:10.334000,334,2023,3,28,16,38,40,69,4.163750171661377,False,0,0,0,0
1969-12-31T19:00:10.343000,343,2023,3,28,16,38,40,69,4.163750171661377,False,0,0,0,0
1969-12-31T19:00:10.351000,351,2023,3,28,16,38,40,69,4.163750171661377,False,0,0,0,0
1969-12-31T19:00:10.359000,359,2023,3,28,16,38,40,69,4.163750171661377,False,0,0,0,0
1969-12-31T19:00:10.367000,367,2023,3,28,16,38,40,69,4.163750171661377,False,0,0,0,0
1969-12-31T19:00:10.375000,375,2023,3,28,16,38,40,69,4.163750171661377,False,0,0,0,0
1969-12-31T19:00:10.395000,395,2023,3,28,16,38,40,69,4.164999961853027,False,0,0,0,0
1969-12-31T19:00:10.403000,403,2023,3,28,16,38,40,69,4.164999961853027,False,0,0,0,0
1969-12-31T19:00:10.411000,411,2023,3,28,16,38,40,69,4.164999961853027,False,0,0,0,0
1969-12-31T19:00:10.419000,419,2023,3,28,16,38,40,69,4.164999961853027,False,0,0,0,0
1969-12-31T19:00:10.428000,428,2023,3,28,16,38,40,69,4.164999961853027,False,0,0,0,0
1969-12-31T19:00:10.436000,436,2023,3,28,16,38,40,69,4.164999961853027,False,0,0,0,0
1969-12-31T19:00:10.444000,444,2023,3,28,16,38,40,69,4.164999961853027,False,0,0,0,0
1969-12-31T19:00:10.452000,452,2023,3,28,16,38,40,69,4.164999961853027,False,0,0,0,0
1969-12-31T19:00:10.460000,460,2023,3,28,16,38,40,69,4.164999961853027,False,0,0,0,0
1969-12-31T19:00:10.468000,468,2023,3,28,16,38,40,69,4.164999961853027,False,0,0,0,0
1969-12-31T19:00:10.476000,476,2023,3,28,16,38,40,69,4.164999961853027,False,0,0,0,0
1969-12-31T19:00:10.484000,484,2023,3,28,16,38,40,69,4.164999961853027,False,0,0,0,0
1969-12-31T19:00:10.492000,492,2023,3,28,16,38,40,69,4.164999961853027,False,0,0,0,0
1969-12-31T19:00:10.501000,501,2023,3,28,16,38,40,69,4.164999961853027,False,0,0,0,0
1969-12-31T19:00:10.509000,509,2023,3,28,16,38,40,69,4.164999961853027,False,0,0,0,0
1969-12-31T19:00:10.517000,517,2023,3,28,16,38,40,69,4.164999961853027,False,0,0,0,0
1969-12-31T19:00:10.525000,525,2023,3,28,16,38,40,69,4.164999961853027,False,0,0,0,0
1969-12-31T19:00:10.533000,533,2023,3,28,16,38,40,69,4.164999961853027,False,0,0,0,0
1969-12-31T19:00:10.541000,541,2023,3,28,16,38,40,69,4.164999961853027,False,0,0,0,0
1969-12-31T19:00:10.549000,549,2023,3,28,16,38,40,69,4.164999961853027,False,0,0,0,0
1969-12-31T19:00:10.557000,557,2023,3,28,16,38,40,69,4.164999961853027,False,0,0,0,0
1969-12-31T19:00:10.566000,566,2023,3,28,16,38,40,69,4.164999961853027,False,0,0,0,0
1969-12-31T19:00:10.574000,574,2023,3,28,16,38,40,69,4.164999961853027,False,0,0,0,0
1969-12-31T19:00:10.582000,582,2023,3,28,16,38,40,69,4.164999961853027,False,0,0,0,0
1969-12-31T19:00:10.590000,590,2023,3,28,16,38,40,69,4.164999961853027,False,0,0,0,0
1969-12-31T19:00:10.609000,609,2023,3,28,16,38,40,69,4.164999961853027,False,0,0,0,0
1969-12-31T19:00:10.617000,617,2023,3,28,16,38,40,69,4.164999961853027,False,0,0,0,0
1969-12-31T19:00:10.625000,625,2023,3,28,16,38,40,69,4.164999961853027,False,0,0,0,0
1969-12-31T19:00:10.633000,633,2023,3,28,16,38,40,69,4.163750171661377,False,0,0,0,0
1969-12-31T19:00:10.641000,641,2023,3,28,16,38,40,69,4.163750171661377,False,0,0,0,0
1969-12-31T19:00:10.650000,650,2023,3,28,16,38,40,69,4.163750171661377,False,0,0,0,0
1969-12-31T19:00:10.658000,658,2023,3,28,16,38,40,69,4.163750171661377,False,0,0,0,0
1969-12-31T19:00:10.666000,666,2023,3,28,16,38,40,69,4.163750171661377,False,0,0,0,0
1969-12-31T19:00:10.674000,674,2023,3,28,16,38,40,69,4.163750171661377,False,0,0,0,0
1969-12-31T19:00:10.682000,682,2023,3,28,16,38,40,69,4.163750171661377,False,0,0,0,0
1969-12-31T19:00:10.690000,690,2023,3,28,16,38,40,69,4.163750171661377,False,0,0,0,0
1969-12-31T19:00:10.698000,698,2023,3,28,16,38,40,69,4.163750171661377,False,0,0,0,0
1969-12-31T19:00:10.706000,706,2023,3,28,16,38,40,69,4.163750171661377,False,0,0,0,0
1969-12-31T19:00:10.715000,715,2023,3,28,16,38,40,69,4.163750171661377,False,0,0,0,0
1969-12-31T19:00:10.723000,723,2023,3,28,16,38,40,69,4.163750171661377,False,0,0,0,0
1969-12-31T19:00:10.731000,731,2023,3,28,16,38,40,69,4.163750171661377,False,0,0,0,0
1969-12-31T19:00:10.739000,739,2023,3,28,16,38,40,69,4.163750171661377,False,0,0,0,0
1969-12-31T19:00:10.747000,747,2023,3,28,16,38,40,69,4.163750171661377,False,0,0,0,0
1969-12-31T19:00:10.756000,756,2023,3,28,16,38,40,69,4.163750171661377,False,0,0,0,0
1969-12-31T19:00:10.764000,764,2023,3,28,16,38,40,69,4.163750171661377,False,0,0,0,0
1969-12-31T19:00:10.772000,772,2023,3,28,16,38,40,69,4.163750171661377,False,0,0,0,0
1969-12-31T19:00:10.780000,780,2023,3,28,16,38,40,69,4.163750171661377,False,0,0,0,0
1969-12-31T19:00:10.788000,788,2023,3,28,16,38,40,69,4.163750171661377,False,0,0,0,0
1969-12-31T19:00:10.796000,796,2023,3,28,16,38,40,69,4.163750171661377,False,0,0,0,0
1969-12-31T19:00:10.804000,804,2023,3,28,16,38,40,69,4.163750171661377,False,0,0,0,0
1969-12-31T19:00:10.823000,823,2023,3,28,16,38,40,69,4.163750171661377,False,0,0,0,0
1969-12-31T19:00:10.831000,831,2023,3,28,16,38,40,69,4.163750171661377,False,0,0,0,0
1969-12-31T19:00:10.839000,839,2023,3,28,16,38,40,69,4.163750171661377,False,0,0,0,0
1969-12-31T19:00:10.848000,848,2023,3,28,16,38,40,69,4.163750171661377,False,0,0,0,0
1969-12-31T19:00:10.856000,856,2023,3,28,16,38,40,69,4.163750171661377,False,0,0,0,0
1969-12-31T19:00:10.864000,864,2023,3,28,16,38,40,69,4.163750171661377,False,0,0,0,0
1969-12-31T19:00:10.872000,872,2023,3,28,16,38,40,69,4.163750171661377,False,0,0,0,0
1969-12-31T19:00:10.880000,880,2023,3,28,16,38,40,69,4.164999961853027,False,0,0,0,0
1969-12-31T19:00:10.888000,888,2023,3,28,16,38,40,69,4.164999961853027,False,0,0,0,0
1969-12-31T19:00:10.896000,896,2023,3,28,16,38,40,69,4.164999961853027,False,0,0,0,0
1969-12-31T19:00:10.904000,904,2023,3,28,16,38,40,69,4.164999961853027,False,0,0,0,0
1969-12-31T19:00:10.912000,912,2023,3,28,16,38,40,69,4.164999961853027,False,0,0,0,0
1969-12-31T19:00:10.920000,920,2023,3,28,16,38,40,69,4.164999961853027,False,0,0,0,0
1969-12-31T19:00:10.929000,929,2023,3,28,16,38,40,69,4.164999961853027,False,0,0,0,0
1969-12-31T19:00:10.937000,937,2023,3,28,16,38,40,69,4.164999961853027,False,0,0,0,0
1969-12-31T19:00:10.945000,945,2023,3,28,16,38,40,69,4.164999961853027,False,0,0,0,0
1969-12-31T19:00:10.953000,953,2023,3,28,16,38,40,69,4.164999961853027,False,0,0,0,0
1969-12-31T19:00:10.961000,961,2023,3,28,16,38,40,69,4.164999961853027,False,0,0,0,0
1969-12-31T19:00:10.970000,970,2023,3,28,16,38,40,69,4.164999961853027,False,0,0,0,0
1969-12-31T19:00:10.978000,978,2023,3,28,16,38,40,69,4.164999961853027,False,0,0,0,0
1969-12-31T19:00:10.986000,986,2023,3,28,16,38,40,69,4.164999961853027,False,0,0,0,0
1969-12-31T19:00:10.994000,994,2023,3,28,16,38,40,69,4.164999961853027,False,0,0,0,0
1969-12-31T19:00:11,0,2023,3,28,16,38,40,69,4.164999961853027,False,0,0,0,0
1969-12-31T19:00:11.008000,8,2023,3,28,16,38,40,69,4.164999961853027,False,0,0,0,0
1969-12-31T19:00:11.016000,16,2023,3,28,16,38,40,69,4.164999961853027,False,0,0,0,0
1969-12-31T19:00:11.035000,35,2023,3,28,16,38,40,69,4.164999961853027,False,0,0,0,0
1969-12-31T19:00:11.043000,43,2023,3,28,16,38,40,69,4.164999961853027,False,0,0,0,0
1969-12-31T19:00:11.052000,52,2023,3,28,16,38,40,69,4.164999961853027,False,0,0,0,0
1969-12-31T19:00:11.060000,60,2023,3,28,16,38,40,69,4.164999961853027,False,0,0,0,0
1969-12-31T19:00:11.068000,68,2023,3,28,16,38,40,69,4.164999961853027,False,0,0,0,0
1969-12-31T19:00:11.076000,76,2023,3,28,16,38,40,69,4.164999961853027,False,0,0,0,0
1969-12-31T19:00:11.084000,84,2023,3,28,16,38,40,69,4.164999961853027,False,0,0,0,0
1969-12-31T19:00:11.092000,92,2023,3,28,16,38,40,69,4.164999961853027,False,0,0,0,0
1969-12-31T19:00:11.100000,100,2023,3,28,16,38,40,69,4.164999961853027,False,0,0,0,0
1969-12-31T19:00:11.109000,109,2023,3,28,16,38,40,69,4.164999961853027,False,0,0,0,0
1969-12-31T19:00:11.117000,117,2023,3,28,16,38,40,69,4.164999961853027,False,0,0,0,0
1969-12-31T19:00:11.125000,125,2023,3,28,16,38,40,69,4.164999961853027,False,0,0,0,0
1969-12-31T19:00:11.133000,133,2023,3,28,16,38,40,69,4.164999961853027,False,0,0,0,0
1969-12-31T19:00:11.141000,141,2023,3,28,16,38,40,69,4.164999961853027,False,0,0,0,0
1969-12-31T19:00:11.149000,149,2023,3,28,16,38,40,69,4.164999961853027,False,0,0,0,0
1969-12-31T19:00:11.158000,158,2023,3,28,16,38,40,69,4.164999961853027,False,0,0,0,0
1969-12-31T19:00:11.166000,166,2023,3,28,16,38,40,69,4.164999961853027,False,0,0,0,0
1969-12-31T19:00:11.174000,174,2023,3,28,16,38,40,69,4.164999961853027,False,0,0,0,0
1969-12-31T19:00:11.182000,182,2023,3,28,16,38,40,69,4.164999961853027,False,0,0,0,0
1969-12-31T19:00:11.190000,190,2023,3,28,16,38,40,69,4.164999961853027,False,0,0,0,0
1969-12-31T19:00:11.198000,198,2023,3,28,16,38,40,69,4.164999961853027,False,0,0,0,0
1969-12-31T19:00:11.210000,210,2023,3,28,16,38,40,69,4.164999961853027,False,0,0,0,0
1969-12-31T19:00:11.219000,219,2023,3,28,16,38,40,69,4.164999961853027,False,0,0,0,0
1969-12-31T19:00:11.227000,227,2023,3,28,16,38,40,69,4.164999961853027,False,0,0,0,0
1969-12-31T19:00:11.235000,235,2023,3,28,16,38,40,69,4.164999961853027,False,0,0,0,0
1969-12-31T19:00:11.256000,256,2023,3,28,16,38,42,64,4.164999961853027,False,0,0,0,0
1969-12-31T19:00:11.264000,264,2023,3,28,16,38,42,64,4.164999961853027,False,0,0,0,0
1969-12-31T19:00:11.272000,272,2023,3,28,16,38,42,64,4.164999961853027,False,0,0,0,0
1969-12-31T19:00:11.280000,280,2023,3,28,16,38,42,64,4.164999961853027,False,0,0,0,0
1969-12-31T19:00:11.288000,288,2023,3,28,16,38,42,64,4.164999961853027,False,0,0,0,0
1969-12-31T19:00:11.296000,296,2023,3,28,16,38,42,64,4.164999961853027,False,0,0,0,0
1969-12-31T19:00:11.304000,304,2023,3,28,16,38,42,64,4.164999961853027,False,0,0,0,0
1969-12-31T19:00:11.312000,312,2023,3,28,16,38,42,64,4.164999961853027,False,0,0,0,0
1969-12-31T19:00:11.320000,320,2023,3,28,16,38,42,64,4.164999961853027,False,0,0,0,0
1969-12-31T19:00:11.328000,328,2023,3,28,16,38,42,64,4.164999961853027,False,0,0,0,0
1969-12-31T19:00:11.336000,336,2023,3,28,16,38,42,64,4.164999961853027,False,0,0,0,0
1969-12-31T19:00:11.344000,344,2023,3,28,16,38,42,64,4.164999961853027,False,0,0,0,0
1969-12-31T19:00:11.352000,352,2023,3,28,16,38,42,64,4.164999961853027,False,0,0,0,0
1969-12-31T19:00:11.361000,361,2023,3,28,16,38,42,64,4.164999961853027,False,0,0,0,0
1969-12-31T19:00:11.369000,369,2023,3,28,16,38,42,64,4.164999961853027,False,0,0,0,0
1969-12-31T19:00:11.377000,377,2023,3,28,16,38,42,64,4.164999961853027,False,0,0,0,0
1969-12-31T19:00:11.385000,385,2023,3,28,16,38,42,64,4.164999961853027,False,0,0,0,0
1969-12-31T19:00:11.394000,394,2023,3,28,16,38,42,64,4.164999961853027,False,0,0,0,0
1969-12-31T19:00:11.402000,402,2023,3,28,16,38,42,64,4.164999961853027,False,0,0,0,0
1969-12-31T19:00:11.410000,410,2023,3,28,16,38,42,64,4.164999961853027,False,0,0,0,0
1969-12-31T19:00:11.418000,418,2023,3,28,16,38,42,64,4.164999961853027,False,0,0,0,0
1969-12-31T19:00:11.426000,426,2023,3,28,16,38,42,64,4.164999961853027,False,0,0,0,0
